{
  "schema": "ags-metrics-v1.1",
  "generated": "2026-02-23T23:59:00Z",
  "event": "Shock exogeno: muerte actor hegemonico + 252 narcobloqueos. Aguascalientes. 22-23 feb 2026.",
  "seed": 42,
  "n": 50000,
  "system": {
    "IHG_pre": -0.41,
    "IHG_post": -0.62,
    "NTI_post": 0.351,
    "IHG_corr": -0.218,
    "IHG_tel": -0.5,
    "prob_2030": 0.71,
    "ucap_ihg": -0.5,
    "ucap_nti": 0.4,
    "protocol": "EMERGENCY_DECISION"
  },
  "nodes": {
    "N1": {
      "label": "Agua",
      "C": 0.18,
      "E": 0.89,
      "L": 0.92,
      "K": 0.85,
      "R": 0.12,
      "M": 1.0,
      "f": 1.81,
      "status": "FRACTURE",
      "dIHG": -0.089,
      "patterns": [
        "doc-09",
        "doc-10"
      ]
    },
    "N2": {
      "label": "Capital",
      "C": 0.68,
      "E": 0.78,
      "L": 0.72,
      "K": 0.55,
      "R": 0.15,
      "M": 1.0,
      "f": 1.5,
      "status": "DEGRADED",
      "dIHG": -0.045,
      "patterns": [
        "doc-02",
        "doc-04",
        "doc-07"
      ]
    },
    "N3": {
      "label": "Logistica",
      "C": 0.85,
      "E": 0.35,
      "L": 0.35,
      "K": 0.4,
      "R": 0.6,
      "M": 1.0,
      "f": 0.7,
      "status": "OK",
      "dIHG": 0.089,
      "patterns": [
        "doc-08"
      ]
    },
    "N4": {
      "label": "Seguridad",
      "C": 0.35,
      "E": 0.96,
      "L": 0.88,
      "K": 0.55,
      "R": 0.1,
      "M": 1.0,
      "f": 1.84,
      "status": "CRITICAL",
      "dIHG": -0.201,
      "patterns": [
        "doc-01",
        "doc-03",
        "doc-06",
        "doc-09"
      ]
    },
    "N5": {
      "label": "Coord",
      "C": 0.6,
      "E": 0.68,
      "L": 0.78,
      "K": 0.65,
      "R": 0.4,
      "M": 0.5,
      "f": 2.1,
      "status": "OPAQUE",
      "dIHG": -0.156,
      "patterns": [
        "doc-01",
        "doc-07"
      ]
    },
    "N6": {
      "label": "Ext",
      "C": 0.4,
      "E": 0.95,
      "L": 0.85,
      "K": 0.75,
      "R": 0.2,
      "M": 0.7,
      "f": 2.31,
      "status": "CRITICAL",
      "dIHG": -0.218,
      "patterns": [
        "doc-06"
      ]
    }
  },
  "nti": {
    "LDI_n": 1.0,
    "ICC_n": 0.32,
    "CSR": 0.0,
    "IRCI_n": 0.935,
    "IIM": 0.5
  },
  "scenarios": [
    {
      "id": "S1",
      "label": "Homeostasis fragil",
      "p": 0.28,
      "ihg180": -0.35
    },
    {
      "id": "S2",
      "label": "Estancamiento",
      "p": 0.41,
      "ihg180": -0.55
    },
    {
      "id": "S3",
      "label": "Escalada controlada",
      "p": 0.21,
      "ihg180": -0.72
    },
    {
      "id": "S4",
      "label": "Colapso sistemico",
      "p": 0.1,
      "ihg180": -1.1
    }
  ],
  "interventions": [
    {
      "rank": 1,
      "label": "Telemetria N6",
      "dIHG": 0.12,
      "pattern": "doc-06",
      "feasibility": "ALTA"
    },
    {
      "rank": 2,
      "label": "Protocolo anti-ICC",
      "dIHG": 0.08,
      "pattern": "doc-07",
      "feasibility": "MEDIA"
    },
    {
      "rank": 3,
      "label": "Fondo hidrico N1",
      "dIHG": 0.06,
      "pattern": "doc-09",
      "feasibility": "BAJA"
    },
    {
      "rank": 4,
      "label": "Restauracion M5",
      "dIHG": 0.05,
      "pattern": "doc-01",
      "feasibility": "ALTA"
    }
  ],
  "history": [
    {
      "t": "jun-25",
      "ihg": -0.28
    },
    {
      "t": "sep-25",
      "ihg": -0.31
    },
    {
      "t": "dic-25",
      "ihg": -0.35
    },
    {
      "t": "ene-26",
      "ihg": -0.38
    },
    {
      "t": "21-feb",
      "ihg": -0.41
    },
    {
      "t": "22-feb",
      "ihg": -0.51
    },
    {
      "t": "23-feb",
      "ihg": -0.62
    }
  ]
}